uid,d15N,d13C,sampleID,individualID
33de0328-51d8-4932-8a66-bc268b083f97,-2.1,-29.3,AVQkM2txccdJInaV60DTclWghgJyQkIgm+zcaCgWO+c=,NEON.PLA.D01.HARV.05643
06cdf807-7980-4148-afe1-30014414d538,-1.5,-27.8,AVQkM2txcccfnFvOIWuQJKbDLFELfXIRFAGF9qDSxxY=,NEON.PLA.D01.HARV.05632
38352392-09a7-4c42-90fe-837b8e0b94ab,-3.1,-30.7,AVQkM2txccf8cJ5aHkcu56cKijO7cC4XXAftJL7SYdc=,NEON.PLA.D01.HARV.05625
e7f29e06-f0ec-4772-8cb4-6306c3a86402,-3.9,-30.1,AVQkM2txccdkxXlfsPQ38KN4nflsRnjpGaXy/aBhKBU=,NEON.PLA.D01.HARV.04568
57b8bb53-87c0-46ab-a6c9-28de4d9b620a,0.4,-25.4,HvxvVDlCk18recdnuMUehunN/NlpHPvsn6rKCv4cW6M=,NEON.PLA.D02.SCBI.00279
871a4772-7112-4cc8-9d43-26934702e11c,-1.6,-28.4,HvxvVDlCk1/lWAw6u5RweSwfmAamcWY1oknqmSB0px8=,NEON.PLA.D02.SCBI.01151
b2a979a2-d036-45ed-b920-991f5ef5f7fd,-1.2,-29.2,HvxvVDlCk1883DeQw28MdnJFN2Yr4f0apRmAwsMvV50=,NEON.PLA.D02.SCBI.03301
12b5c6b9-6c9d-48fd-b671-1dfbdeb6f477,-3.2,-28.1,HvxvVDlCk18oNCQQptCKY1FS/2EKbyWzdzxSLKrdj+4=,NEON.PLA.D02.SCBI.02574
c44ec2e0-9a20-4005-8de0-8d3fc9b9f169,-1.9,-27.9,HvxvVDlCk19Uda+oQsq6DYY/6bZIJmlzjRrqnIHDlKA=,NEON.PLA.D02.SCBI.02577
8b1ab7f6-d412-4b94-84fe-2cdce1a0bb96,-2.4,-28.6,HvxvVDlCk1+KVx888dV2UvUKxPneZWVxjm4EVnGl/t4=,NEON.PLA.D02.SCBI.02549
9cc4a263-a739-4f93-9c72-6c2af0eebac3,0.8,-28,HvxvVDlCk19XvWt6ZGxkDzEwNIwcfNq64SBG3RfAhI4=,NEON.PLA.D02.SCBI.01925
57e90af5-68b6-49d0-b60a-4f8f7648086c,-0.9,-27.5,HvxvVDlCk19/LDHwwAo3YxZqxe4gnGF33QYbdiOMRZA=,NEON.PLA.D02.SCBI.00011
1a5d6fec-15dd-4754-95c9-fdf81c1c22e5,-0.6,-28,HvxvVDlCk1+WcrkevV8Iu1UJFz5xk1r3SCyvt34gmBk=,NEON.PLA.D02.SCBI.00003
187c3eec-aa39-41b6-93ff-50aa6b90c9c7,-0.6,-27.9,HvxvVDlCk1+WcrkevV8Iu1UJFz5xk1r3SCyvt34gmBk=,NEON.PLA.D02.SCBI.00003
0a1046d6-c7d5-47d2-a1b1-f8f802bd1d21,-2,-29,HvxvVDlCk1885jWb3D9uoNtfBoh8w7ds1JF6UqHlHlE=,NEON.PLA.D02.SCBI.03296
2ff6f08f-042b-42ea-8995-d581dfd76516,0.4,-28.2,HvxvVDlCk19Zj9vSHVUUnXMykrJPAQ5g0H5tKbBogRU=,NEON.PLA.D02.SCBI.01531
ffa60b76-684b-4ce3-8e24-f93b4e4ce163,-1.3,-30.3,HvxvVDlCk18ush1BqjuQDS9DQaX44XwvURN7NsCxT/M=,NEON.PLA.D02.SCBI.01496
55004ccc-8e72-4b85-8c70-d1a484a14a82,-4.7,-28.5,k7LBIL3J5m4oV8HchnOppF62dCckxkaT1wrFWEcq28g=,NEON.PLA.D03.DSNY.02429
2ca97257-7dbd-4a16-af25-f9f6114fa0af,-4.7,-26,k7LBIL3J5m68Qbt+qFLMi3GYKs07hnwiuyFZ/lver60=,NEON.PLA.D03.DSNY.00003
3ada044e-4f82-4bac-accf-10cfcb827196,-2.7,-27.5,k7LBIL3J5m4FoG93IKqaGkNhL9mAJ1OLQdI51ZP6vYs=,NEON.PLA.D03.DSNY.00193
28b1bf99-a1dd-4f91-ac46-e11946d11684,-2.7,-29,k7LBIL3J5m7G5oJ/RE2CG6fyBoDiMVIvwKutqbzB6q8=,NEON.PLA.D03.DSNY.01175
6912dae1-0ca1-4aa3-9d8d-c42230a3412d,-4.5,-28.9,k7LBIL3J5m72gzjTWdQed3yx0e8XluBBO6SNLB9DZ+4=,NEON.PLA.D03.DSNY.02228
9cd7b9fd-abbd-460e-9c8e-02dba0945800,-4.7,-28.5,k7LBIL3J5m6tCJvyDzMVpXslHE4ZCFkLJIebjprdJ6E=,NEON.PLA.D03.DSNY.01138
c278b206-315f-4baf-88f5-2e769b9ff9e6,-2.3,-27.7,k7LBIL3J5m5bJkO5gxmyrQ2BlN6RB+Gk/8qEjM5BB6Y=,NEON.PLA.D03.DSNY.00629
12994c0a-8187-4cd6-9dac-79608bbbdafd,-6.3,-27.9,k7LBIL3J5m4tTAe2+CJgGYqFyN3CCnYNY3X1LSs1ruE=,NEON.PLA.D03.DSNY.00233
0e7f3cbf-0473-47f7-8874-380a55080fca,-3.7,-29.1,k7LBIL3J5m7+R7zT1LjH6sVze88sGItjLBN3GIguWMw=,NEON.PLA.D03.DSNY.00245
1a044ce8-cecf-4ccf-afa3-10ef73da6173,-2.8,-28.6,k7LBIL3J5m7UxNc1O0EaFIDc4tQvI2CVbVsFKRO3KME=,NEON.PLA.D03.DSNY.02146
5c17906c-db39-4d93-b585-ebfa93a81dfe,4.7,-27.2,xIqeKa1cF5wqK55/3DYW1xzc8KY/0EterNpfuUFm/DY=,NEON.PLA.D04.GUAN.01942
eb175aa2-0522-4cc4-8ea3-c2da9a159499,2.9,-27,xIqeKa1cF5wrDcLSoZ8W0cX3XEy/r+ZmtKHy1jKltlY=,NEON.PLA.D04.GUAN.01945
4f25f898-54ab-4fa5-94a2-441379184803,4.9,-27.4,xIqeKa1cF5zpenmYNvsTH9UWNjXTZEHS8XmHwaLsRY0=,NEON.PLA.D04.GUAN.01580
2bf74e02-2d07-4a9d-b575-906ff4cf0094,-1.2,-23.9,xIqeKa1cF5yjEd42cEFihrNhyyHEAZdTtO1ZjWRWEf0=,NEON.PLA.D04.GUAN.04354
9e83f2a3-9eb8-41b8-8833-b7e87ae4049f,8.1,-28.7,xIqeKa1cF5xABiXrs0UCiJR6NdCm4wNr0gVPrMAWG+E=,NEON.PLA.D04.GUAN.02699
6035395f-95ca-4461-b3ac-bff99402f723,5.9,-29.1,xIqeKa1cF5w/7S5W4OSulId2ieyS+K+PKF/GwC2YXGM=,NEON.PLA.D04.GUAN.02995
c667fa7b-1fd5-4edf-ac8b-970d026ae904,5.3,-28.4,xIqeKa1cF5wru2D/2cP7M9sTjPj2HT25/QazCIK0oM4=,NEON.PLA.D04.GUAN.02692
d1616fca-7786-4e21-be9d-a9e7d74b4b8d,12,-29,xIqeKa1cF5waeJdGCqrXoUfTMlurlUpUrmhSU6tu78w=,NEON.PLA.D04.GUAN.00065
eb617e3c-047c-40f2-b9e6-684c50b7d354,3.6,-31.1,xIqeKa1cF5zi5fI3F8z9YZz4D4/4pdVVrIuoCA+G6II=,NEON.PLA.D04.GUAN.00045
2076ed6c-83ec-4c6c-890d-510d96333941,5.9,-28.1,xIqeKa1cF5xrbUxm1ISTmNAHfrSqdQHyc4ZEAXKyFt4=,NEON.PLA.D04.GUAN.00138
f95410d3-0f15-41d7-9290-100ca1fab94c,2.9,-27.7,xIqeKa1cF5wwrIuSv422hnj6XHplVzshXD0Ib8lBPbg=,NEON.PLA.D04.GUAN.04332
9a5e67d3-ef3d-482b-b0b2-b4ee2c0dbeec,2.9,-27.6,xIqeKa1cF5wwrIuSv422hnj6XHplVzshXD0Ib8lBPbg=,NEON.PLA.D04.GUAN.04332
5397bd39-c877-42c5-b915-51379de7dab8,4.9,-28.9,xIqeKa1cF5zts93CSVKm4U3tyCpyHWZrw2TsZG9cUDY=,NEON.PLA.D04.GUAN.04334
3c741856-411d-476c-933b-dd89ef44529f,6.3,-28.5,xIqeKa1cF5yMBPJoNJKIaUGw4L/FPEbO0A4PDvYAfc4=,NEON.PLA.D04.GUAN.04562
d13f9aa1-4b3e-4e9c-9785-5027b5182940,5.7,-30.4,xIqeKa1cF5yM8COs61ByxNYWb0J8TMOyRbC9EIJng0k=,NEON.PLA.D04.GUAN.04566
4f4fd939-150c-4659-ace7-2db16dcd8033,4,-28.9,xIqeKa1cF5wOaaZ/OOUvWCI8jnf7NEuNRxwk/ZU9M4U=,NEON.PLA.D04.GUAN.02440
0b2c1bab-e044-4df3-abab-9bd19ad358c0,4,-28.8,xIqeKa1cF5wOaaZ/OOUvWCI8jnf7NEuNRxwk/ZU9M4U=,NEON.PLA.D04.GUAN.02440
eaaead24-fd96-4d94-95dd-b32c6654c793,5.4,-29.6,xIqeKa1cF5xYBHSYE3LGXLFnC5oSjTgXBaRIowYiH6k=,NEON.PLA.D04.GUAN.02790
b91548dd-d808-4409-a5d3-ed221060e1e7,8.4,-26.5,xIqeKa1cF5wMpbmu91XFc/mrtqEJApmBlmQHM/GjOGU=,NEON.PLA.D04.GUAN.02073
7cbba96b-f157-43e0-a424-4413b9fc4a77,4.3,-26.9,xIqeKa1cF5w1nHnXZJaXrn135RaJdyucJQgfIA9El9U=,NEON.PLA.D04.GUAN.02069
831199dc-e1d5-4b1f-bb68-1ae761c157e4,5,-25.6,xIqeKa1cF5zMiEhz4bR3oz9ljkt4PGMO3mZRrAKh4M8=,NEON.PLA.D04.GUAN.08289
16f1f4dc-ac31-4f1e-bf56-22c516e1e302,5,-25.7,xIqeKa1cF5zMiEhz4bR3oz9ljkt4PGMO3mZRrAKh4M8=,NEON.PLA.D04.GUAN.08289
459fe31c-637a-47fe-9293-e1a87df8e8e9,6.5,-29.6,xIqeKa1cF5xOrWWSAns41AVTeBtlBodSNtAyxvjB+f4=,NEON.PLA.D04.GUAN.01201
9ae4d691-ce60-4121-9c3b-3891f0e6d33e,4.4,-28.2,xIqeKa1cF5zhhM9cvDjkYJeFKDT+A8JLw3BIuZQv+7Y=,NEON.PLA.D04.GUAN.01211
a4e62ca0-fb48-4619-bd12-479e30752f87,6.3,-28.4,xIqeKa1cF5wQKeCfvLWXTiz29J8MM1ykwpYvE/olIbg=,NEON.PLA.D04.GUAN.03365
eef15228-7ac6-482b-b448-05c08ff677d3,4.1,-26.8,xIqeKa1cF5wb8aZre4hFDZNYcieXCGMyxQLlZRKnNMA=,NEON.PLA.D04.GUAN.05593
84e04efb-5b05-48a9-8ab4-c9a3997ba7b1,5,-28.6,xIqeKa1cF5wwbgR6i65FNY7hsCdnLiRVdYI2krS+BFw=,NEON.PLA.D04.GUAN.03369
cd8ddbf7-58a9-4426-9d68-b63cbc34b1df,4.1,-27.8,xIqeKa1cF5x6PcWF6xZTvEpNJ3mJhEACWg8RbYWNFok=,NEON.PLA.D04.GUAN.04171
74f220f2-5b28-4602-94a2-d21d1a625626,7.5,-28.5,xIqeKa1cF5yPeCgRPNNu6TFE94uI0Tf9YGACYUvroDA=,NEON.PLA.D04.GUAN.04181
80ca28a9-7923-4f50-af41-bc67b003bcd4,3.5,-28,xIqeKa1cF5x6PcWF6xZTvNKt/EhEiAWWoKdFND3pnKw=,NEON.PLA.D04.GUAN.04185
d6cdd612-10e5-4b70-8b54-845247c6ed27,2.1,-26.3,xIqeKa1cF5wjN81kTMTliYHZpx4L5DaZ7pL+xCNZ2cM=,NEON.PLA.D04.GUAN.04232
35759154-a848-422b-ad73-7e24692cfcc4,5.1,-27.8,xIqeKa1cF5yy0iCHo68yjXG2NRybj3d+bhbTP1Jbu7o=,NEON.PLA.D04.GUAN.04234
c45c6c5b-d4a3-4818-bf58-fe9c5c8078a0,3.6,-29.2,xIqeKa1cF5yd5Y4jHTwwj3GtypZci34bZUTYzRerIvQ=,NEON.PLA.D04.GUAN.04227
dd782597-9852-48ba-950b-95b09feb906c,1.7,-26.9,xIqeKa1cF5yFM43w6tf90BBTZuyu3mkKo/3jPW7xmlE=,NEON.PLA.D04.GUAN.04695
b9cbc2ac-76de-4790-97d8-62e4084c7eac,-1.7,-30.3,VIe0/2w3fNdxYrN/WhkT+uRLGtZdIuPlH3Rj4eVGgvc=,NEON.PLA.D05.STEI.03112
d1901e4f-46fe-46c8-a3d2-71d6ca27d04d,-1.9,-27.7,VIe0/2w3fNd+AFr8nHrB6sAugOdzx6mZeUmxfA7e+TI=,NEON.PLA.D05.STEI.03102
152e088b-76c6-4418-a3c4-37880bf692b3,-0.6,-28,VIe0/2w3fNftqIpFKLlZ7OyxLztnbW5sTDhQYQBiRn0=,NEON.PLA.D05.STEI.05149
2b6ca7cd-99ef-471f-b5c2-2ba741cd7571,-1.9,-26.8,VIe0/2w3fNdfUv4vjjWHezSjApQWs26PZzIgyJrHYCk=,NEON.PLA.D05.STEI.05168
6f202ac8-3f3b-4891-9d5a-f396dba3b320,-2.6,-28.8,VIe0/2w3fNeozSAraMsLYnwf4V3XdQvd+XWsEZeBUeY=,NEON.PLA.D05.STEI.05150
7136e412-411d-44fd-bd00-09dad2911bf0,-1.3,-28.8,VIe0/2w3fNdImTPDFEeyj4pOPHv3uWaNhPrQV1lWKNs=,NEON.PLA.D05.STEI.05382
f9355f33-edef-4fd0-8c40-63b441ea9be7,-2,-28.4,VIe0/2w3fNcUGzVrPfqiD8/f4TEvV8as4BcvO/EM4Rg=,NEON.PLA.D05.STEI.05383
a5f7ca81-3a6b-4b14-a239-565e565cc9dd,-3,-28.5,VIe0/2w3fNebL06shWhPji2SF1yB8s00UNM/Y0EFZxk=,NEON.PLA.D05.STEI.05598
fe2b2c41-0848-40f8-917d-ee6e57798ac9,-1.9,-28.4,VIe0/2w3fNf2pzHj10cnqQF8QtjK6edGrDl/vLip/Pg=,NEON.PLA.D05.STEI.01338
41110a91-02a7-4aa5-a076-1dd9b745be01,-1.3,-27.5,VIe0/2w3fNeiYDd1kvOxg66bfSAZVSGo8BLiyROlYQw=,NEON.PLA.D05.STEI.03471
16b3fb76-35a3-46e4-bc88-f63625e841b7,-5.3,-26.1,VIe0/2w3fNdC6482kBzsU+ZXDvTcBmXpcxcMuwwiLjc=,NEON.PLA.D05.STEI.03444
8f0c4ffb-ecb1-4973-971a-d22c2d49dc0f,-0.3,-28.1,VIe0/2w3fNfxmlWt9NRGm4zZmHkOrqOnv3sKGslRn+s=,NEON.PLA.D05.STEI.03752
ab2881c7-44c8-4075-9e8e-094e372350e7,-0.3,-28.1,VIe0/2w3fNfxmlWt9NRGm4zZmHkOrqOnv3sKGslRn+s=,NEON.PLA.D05.STEI.03752
c2e3ff6b-8bf8-4a7c-a8f5-7ae0af3e8f60,-0.9,-29.9,VIe0/2w3fNd94NzJ1ldmPvO/rfvxTdRR90xtbj4w4Go=,NEON.PLA.D05.STEI.03709
9f2bf30a-5b44-42a4-8717-f4a15ec31a4b,-1.9,-29.4,VIe0/2w3fNdw57HdUJ7YL8y6o5N9MN7OHNdhjlaZOp0=,NEON.PLA.D05.STEI.03705
b7497194-2929-4c00-96a4-0c3a4ad686e7,0.4,-28,VIe0/2w3fNfkpyROGrcCGN/B52ltoaK5OoK0qtPoR2o=,NEON.PLA.D05.STEI.05482
3b6b5085-70ec-4578-a7a6-b36d339daa4c,-2.8,-28.2,VIe0/2w3fNdOqIczM0wx5vfpcF4tFLybGsHm0906xWk=,NEON.PLA.D05.STEI.05483
0f4f1b47-5ffe-4a35-9f24-a6fb335e30dc,0.3,-27.7,VIe0/2w3fNfkpyROGrcCGPtCR19whAUEbHnv++zRu/I=,NEON.PLA.D05.STEI.05479
66fdfd7c-f3a0-446c-876b-32dc59dd5f0a,-4.5,-28.8,VIe0/2w3fNcn3zJhSf83pVhdTs3/Fuw0wCSb+sp0z98=,NEON.PLA.D05.STEI.02177
74c0c539-f8af-4a3a-914c-a665920c9521,-0.4,-30.3,VIe0/2w3fNf39i0uHMFdmaeaCqh5sYXhZumlpdA2UH4=,NEON.PLA.D05.STEI.02103
fe36db8f-74c2-4e9c-a980-7019c2df487f,-4.5,-27.6,VIe0/2w3fNcn3zJhSf83pVVxpG6jk1EcOoeAHmkKomg=,NEON.PLA.D05.STEI.02111
ec3fc4b1-4814-41de-be7b-9a3c8f62fccf,-3.9,-25.5,VIe0/2w3fNdp78ByyJA8EAivT6mVK4BIvRLpY5y8l9c=,NEON.PLA.D05.STEI.02147
910ab31a-914e-4ee6-85ce-f227541cdad4,0.3,-27.5,VIe0/2w3fNdGg8ZdiqmQlCp6yf9Pjzzg0f8d4lnTIVI=,NEON.PLA.D05.STEI.01538
20d2e986-d820-4ec3-a8ce-bae19edc6531,-3.2,-27.6,WnrB9gmiM7KvmlqGJ42r9+3oMC4z/PpxWa8h73+2iqQ=,NEON.PLA.D05.UNDE.03701
2f798e53-6f9a-4cbe-adbf-1854ca2f80ac,-1.7,-30.1,WnrB9gmiM7J7IoFxUZveELqHAvQSepTBVqV06RBRk8w=,NEON.PLA.D05.UNDE.03845
735c41f6-df3f-4b85-8673-b17fb3abb383,-1.2,-28.8,WnrB9gmiM7IfnJtC5BUruWEfsaR4ESPCBa6UBK8h+pY=,NEON.PLA.D05.UNDE.03606
9913f9c2-a441-4284-85f2-dd1cd809ffd7,-0.4,-29.2,WnrB9gmiM7LN5748NGOBOCfyviLTlqwkJeO5LJ9Ga+E=,NEON.PLA.D05.UNDE.04463
b6562463-5255-4934-a21e-0cac0e1b8656,1.3,-30,Cekj+eelgP+4uDBRX8WPBLmsC2ixStEwh5Tmd0qGz+4=,NEON.PLA.D06.KONZ.05402Z
9caba409-47e3-4a58-b36d-512f6fa8d482,1.3,-30,Cekj+eelgP+4uDBRX8WPBLmsC2ixStEwh5Tmd0qGz+4=,NEON.PLA.D06.KONZ.05402Z
f667b8e5-50d7-45bf-9bab-33652f3f965b,0,-30.5,Cekj+eelgP8+4YR5y1t7pT4/Zul4g7BryOIPuZIcrPg=,NEON.PLA.D06.KONZ.05405Z
c8e7fdd1-2126-41c4-99a7-d464a4dd69e5,-2.1,-29.3,GWdltx9aizzQsOatZUJsTKXh9WVfZ1p59Gmq8XBhUsY=,NEON.PLA.D06.UKFS.00544
5b764ee6-f139-4811-9f49-8336538621cf,0.4,-28.1,GWdltx9aizz+eW7mhYtdgHHS7ub+yvWdH8xAIFtLEic=,NEON.PLA.D06.UKFS.00552
7642122c-0ba5-41da-82b0-ea78b035e4ad,-1.8,-30.4,GWdltx9aizxnREsKrQUNVx+rhJuZDAIdFkLPfd8DK/s=,NEON.PLA.D06.UKFS.03401
52228393-13c5-4043-bdd1-c4a8df410bd7,-1.4,-27.9,GWdltx9aizzDOc8cslgsczc6G6AcbIhCXhF4n/geWJg=,NEON.PLA.D06.UKFS.00595
47b467f4-c936-4a66-84be-b3fc0f26d8bc,-2.1,-30.8,GWdltx9aizxZ2lA1eXFJbK4By16dJyeFDUmPqcl5wBc=,NEON.PLA.D06.UKFS.03402
3b026db3-b3f7-4dd0-ba3d-c4e5ed19f059,-1.9,-30.9,GWdltx9aizz0DILFyfUVG0swgdZQAhMEm+LKhPXul3g=,NEON.PLA.D06.UKFS.03403
41a2cfbf-bf12-472a-b4ad-391da546c22c,-2.3,-29,GWdltx9aizxwX7AzJ2MXqobnx3r+YMO7INvF7rJVrVM=,NEON.PLA.D06.UKFS.00083
441cab6c-cd22-4d30-8ce6-917f62802b15,-2.4,-29.1,GWdltx9aizxwX7AzJ2MXqobnx3r+YMO7INvF7rJVrVM=,NEON.PLA.D06.UKFS.00083
269c1add-ba2e-4c35-a570-0e44df8155be,-0.5,-27.5,GWdltx9aizxltZTOwRb9Qn1PT5NJRj6g9P5dt7eEN5g=,NEON.PLA.D06.UKFS.00084
6e291988-c5a4-4ca4-8f8a-a3c8328d8dee,-1.6,-29.4,GWdltx9aizxVVTEWIy/rgS3q/5kJNQuXMZQhBX27jBA=,NEON.PLA.D06.UKFS.00864
7a6e0db4-e11b-489f-be16-40959e816e11,-1.5,-29.4,GWdltx9aizxVVTEWIy/rgS3q/5kJNQuXMZQhBX27jBA=,NEON.PLA.D06.UKFS.00864
aa4454a0-3801-4361-a81b-06ba2c028304,-0.2,-28.6,GWdltx9aizx+741BiGj9NSCvw105MMBiYMWsSDMM46Y=,NEON.PLA.D06.UKFS.00082
9534e768-4ee6-41c7-a748-f89b3ee12523,-0.6,-29.4,GWdltx9aizx3z760/fR15SpiFHRYErnjlP6L/L9fuX8=,NEON.PLA.D06.UKFS.00865
41f4e0f5-0f50-4bec-b920-192af2ee7270,-2.5,-28.4,GWdltx9aizwSUKXTa1nTW7VD1P738RrEpJy7OoBkMGI=,NEON.PLA.D06.UKFS.00828
df7c2ed2-0b6e-440c-a01e-f076ecad1133,0.1,-30.1,GWdltx9aizy6I9LfzL4LGI1RYO5rVtd7Mo9X5Dy1chw=,NEON.PLA.D06.UKFS.03600
5da13581-beef-4069-8f2b-5957be3f2d38,-2.5,-29.3,GWdltx9aizyE5wqE6jwd0awrj5nNqUOrkqO53aRq+tQ=,NEON.PLA.D06.UKFS.02982
249b959a-172e-4e91-a57f-3db0c2c3ecae,-1.7,-30.2,GWdltx9aizxOwbhZQguihZXWJuisQl/x5kY2TJUSvdM=,NEON.PLA.D06.UKFS.02216
e9392909-e702-4cf9-8782-07fb8522c2d5,-3.2,-27.1,GWdltx9aizwB2G6k1nROTvajVW6PL5WSXYwcKEEpGIo=,NEON.PLA.D06.UKFS.00187
2115cf2d-2396-490f-a8e9-1466fb660e74,1.4,-28.8,GWdltx9aizy3LyScbmoHDVfDothklzDRoN2k3mBflDE=,NEON.PLA.D06.UKFS.00022
ca87e199-d713-4c72-8236-5bc58496acfc,-0.5,-30.9,GWdltx9aizwykWGklWP55Z+TJSDS0uiq86ssNyG+0M0=,NEON.PLA.D06.UKFS.00079
80d082fc-6b19-4eca-b600-086d6eea0b81,1.4,-29.3,GWdltx9aizyjTl3s5dYKYAw7c4XLQizyhUKrBuixZ6Y=,NEON.PLA.D06.UKFS.00085
a30eadee-4644-47e6-8910-91b767e0baa3,-3.3,-28.6,GWdltx9aizxWRqD2B7t+KVF/yFbERXmzPCNSoZXmGLk=,NEON.PLA.D06.UKFS.00006
2ccb49d2-c45d-41f9-b749-5d713cafc955,-3.8,-26.2,GWdltx9aizxrChEqgglNezk7yTwIE5ZQMQjjTS1/Wx8=,NEON.PLA.D06.UKFS.00021
37ad7a67-ee71-44c4-a375-e34c30f1ef29,-0.4,-26.1,GWdltx9aizzZsNar0C0gI5GlQgXkCohh3GgbsOtPc38=,NEON.PLA.D06.UKFS.02202
cd0ac4c6-41bd-41fd-a336-d6597e33e215,0.7,-30.3,GWdltx9aizzewq+Bhmn48e8HydNfhTGQdKsjeW+8Zic=,NEON.PLA.D06.UKFS.02398
33ba78c9-23d0-46c9-932f-4c8f02a356fd,0,-27.8,GWdltx9aizyIXfXbHC4zfGjXmT91MOgAJt3edimSaVo=,NEON.PLA.D06.UKFS.02399
99810acf-b31f-48dd-9c13-564296dc5fe8,-2,-31,GWdltx9aizxDEJks+UqN+DtvJBnyBinfzifOi7N8Qrk=,NEON.PLA.D06.UKFS.03602
ab2bb0b2-243d-4647-a711-7afd171fbcba,-1.9,-31,GWdltx9aizxDEJks+UqN+DtvJBnyBinfzifOi7N8Qrk=,NEON.PLA.D06.UKFS.03602
5b8231a1-bc47-46dc-b363-ab637bcd3de1,-1.5,-27.3,GWdltx9aizxHHFq5Gd5uOTdSmsmARmTlerUHlSyFCWc=,NEON.PLA.D06.UKFS.03599
0be1e723-27c8-4813-9956-cc7fbc3b3bc7,-0.7,-26.8,GWdltx9aizxSmu/kSEapch0miRt+v03zRDpWB/Xxy9E=,NEON.PLA.D06.UKFS.03597
760a0fa1-fce8-4ebd-9ecf-a32112a9704b,-0.1,-28.7,GWdltx9aizy7yN/xTkdtuNgPw68eqjbx32YNnxmaeYw=,NEON.PLA.D06.UKFS.03601
07e553b6-92e5-45f9-8a02-32da8dbd8b64,-1.7,-30.7,GWdltx9aizxsKmJ5Hh0P2W40qn3VablroCyuxXdIhKI=,NEON.PLA.D06.UKFS.03603
43e33450-09d9-4f1b-9a5d-b634cf70d04b,1.2,-28.2,GWdltx9aizzQuZYTexyYCNxG7My+Vs+OijqMTaglq7s=,NEON.PLA.D06.UKFS.03597
775788a9-12ab-4909-b607-128e853d5480,-0.9,-29.2,GWdltx9aizxw8eZ6XZEsHFBMLNq+jTB9nXoXjG/XAiU=,NEON.PLA.D06.UKFS.03596
4c194aa7-6c7d-41c7-812c-08db1403ef0b,-0.7,-29.8,GWdltx9aizwUIvwly+CNPGPGlcuZQNSxyKjD7EEv1Jo=,NEON.PLA.D06.UKFS.03594
d848b634-f561-4ba8-b054-b03918747000,2.5,-31.8,GWdltx9aizz5j/fyJpVRjQMvmK7uJm06rqYeoFLOcvY=,NEON.PLA.D06.UKFS.03405
44bb468d-d7af-451b-b5ef-3c5e5e548a0c,-1.1,-29.8,GWdltx9aizzy30t6oX81RYidXP5+Djvv8RfNYqAMgw0=,NEON.PLA.D06.UKFS.03595
d6c7ac7c-ef94-49b5-98eb-ff9ea4db3b27,1.7,-29.8,GWdltx9aizz0vObCMOeVWGJCwCaJn6hH7dOqrm0R78s=,NEON.PLA.D06.UKFS.03404
a8cee078-f48c-441a-b83e-b861aa24d986,-1.1,-27.6,GWdltx9aizyuZKUdN3WWMBZcRIoCoI4WPc8KDHlpbIg=,NEON.PLA.D06.UKFS.03591
2d3e5a77-2148-400a-bef6-27e0398ae747,-0.7,-27.4,GWdltx9aizxzfzgjEGH89eco2RhQN2Vxoj+nAl9JLnQ=,NEON.PLA.D06.UKFS.03592
d9f3af68-b4b7-40f6-849a-4ad550db7aed,-1.3,-28.6,GWdltx9aizw8Illw/plSgldbgdLXNpLVnGVuV+BJbaY=,NEON.PLA.D06.UKFS.03593
b060b82c-cbc1-4619-b5a0-ebcb15db857b,-3,-28,gv/1/Di3XvFTqEI7hs3lyU6EUYKptnufiYcmBMGcKtM=,NEON.PLA.D07.MLBS.00197
e64b6511-4fe0-4310-8547-c669d884efaa,-4,-28.7,gv/1/Di3XvHs3TiUgQrYnylvV/FrlVzvg2kcspFw1bw=,NEON.PLA.D07.MLBS.00183
fad14605-0853-4c5d-b8ad-57fbecab31cb,-2,-28.1,gv/1/Di3XvGwPyjkavET/K7FvPj0qjUQYGzjC3Kk2MA=,NEON.PLA.D07.MLBS.01486
33a22161-fabe-418c-b9cf-ec5b76c108c8,-1.7,-27.2,gv/1/Di3XvGwPyjkavET/OtGBjnV7ZW8FYSc6il2NZA=,NEON.PLA.D07.MLBS.01455
79157ee2-d911-4405-bc08-c147f62c441c,-1.7,-27.8,gv/1/Di3XvEZ32fKrFrcU8wetWGgE6zT0F6OY71J6HU=,NEON.PLA.D07.MLBS.01489
4ece1c26-f04d-4f09-8b0f-afb7503b7976,-2.6,-29,gv/1/Di3XvHFA0Y+9+F4I7qfOIUNfjfxi/Hn7wGjyQg=,NEON.PLA.D07.MLBS.00133
2feb64dd-cefc-468c-a5bc-3353eee7ed9e,-2.6,-28.7,gv/1/Di3XvEJrFEmNh8BI0ZK2sqPOPYFrhBSRC5YC8s=,NEON.PLA.D07.MLBS.01022
e1111d28-fc5f-4c13-9af0-2129149a7e18,-2.5,-27.8,gv/1/Di3XvFIAAmccByPPzLrCbRZO/U55h9TSSDCP3A=,NEON.PLA.D07.MLBS.01019
7d255b77-7314-41ed-9dfc-6035ce7e1fd2,-2.4,-28.1,gv/1/Di3XvHdPsxwxTV2La8MDi4DOgmIxQ48I4EIoJ0=,NEON.PLA.D07.MLBS.00042
3473add9-3e36-404f-b073-e902e62abe81,-2.5,-27.7,gv/1/Di3XvG/XeKiDq533uNglmG8SbKPUanvIM72QHg=,NEON.PLA.D07.MLBS.00061
51e1fbbd-6312-47f5-bed0-058100ed696a,-2.7,-28.3,gv/1/Di3XvFqdJpFZdQ75VR4GtLQwkBqpjPJI36iV0E=,NEON.PLA.D07.MLBS.00078
07238ae2-decc-4dfa-a28d-9f260cdc847e,-3,-28.2,gv/1/Di3XvH43usIH9/MyGpoLUN1vmKwyNhPYIONB68=,NEON.PLA.D07.MLBS.01030
56cbcf15-58fd-48ab-a195-b3d552227f90,-3.3,-28.9,gv/1/Di3XvE8vLvbZ0C+NZd/S/k+JT5Gw4vmDjX9vQ0=,NEON.PLA.D07.MLBS.01772
31ec01b5-3aad-4787-bf26-dd624aa4020b,-3.2,-28.9,gv/1/Di3XvE8vLvbZ0C+NZd/S/k+JT5Gw4vmDjX9vQ0=,NEON.PLA.D07.MLBS.01772
86595aca-7d2d-4996-9a99-7ace5d29f2c2,-3.8,-29.2,gv/1/Di3XvGn0b286CZVHHZ1Rg3E13Vvgls/7NeCIKw=,NEON.PLA.D07.MLBS.01758
66b6a4d9-6a16-40b7-8146-aceddf0198d2,-2,-28.3,gv/1/Di3XvEr5UL7fnWRP65dCrIiiByh0iOS8q3daxM=,NEON.PLA.D07.MLBS.01730
53cb69cd-58df-474c-83c3-3b053e444dcd,-1.2,-28.5,gv/1/Di3XvGiGQlUFc+uCU+P8T5wjxhbwZd+UbiTwic=,NEON.PLA.D07.MLBS.01798
05de384d-19e2-42e1-97ac-2165a105c163,-2.2,-29.2,gv/1/Di3XvGiGQlUFc+uCZpbk98VpY36w3dAjRxIEzw=,NEON.PLA.D07.MLBS.01785
b9a4fb1b-88b5-43d6-93e4-195e06f9a6b3,-1.4,-27.7,gv/1/Di3XvGiGQlUFc+uCYKAYxBJv7Y7ka4dF6yMvDg=,NEON.PLA.D07.MLBS.01777
7757ee49-3725-46a5-877f-f8a4346a5811,-2.6,-28.5,gv/1/Di3XvFGUoPnUGsFYIPb8/i7ah2RmgjxFl7aJww=,NEON.PLA.D07.MLBS.01833
cae6af0d-bd4c-4029-b4a6-273b420fc45c,-3,-28.6,gv/1/Di3XvFGUoPnUGsFYFaOXc2fXj14FXdAcEeJdnQ=,NEON.PLA.D07.MLBS.01848
3f4069ff-5546-48ef-a53e-c0493f9b0103,-3,-28.6,gv/1/Di3XvFGUoPnUGsFYFaOXc2fXj14FXdAcEeJdnQ=,NEON.PLA.D07.MLBS.01848
17e44eb6-5d7d-451e-b044-1d657f8670df,-3.5,-28.2,gv/1/Di3XvFQkGvmBfP/Xnm8lu17YBlu2SPPf9zCw+s=,NEON.PLA.D07.MLBS.01866
910c13ec-1161-47ff-b4be-bb5224c5a7a4,-3.1,-25.3,gv/1/Di3XvGuZzx1FjU753RDy4OIxozxiqsfMBMELV8=,NEON.PLA.D07.MLBS.00884
e49ff3ea-3ade-41b3-94db-2e589fbd4396,-3,-25.2,gv/1/Di3XvGuZzx1FjU753RDy4OIxozxiqsfMBMELV8=,NEON.PLA.D07.MLBS.00884
a9997a70-ba84-4cf8-a25d-7a834f691d8d,-2.5,-29.3,gv/1/Di3XvElQjB9PeqBBLohiUb1X/dR4cp/wp6LXFs=,NEON.PLA.D07.MLBS.00863
1b507edb-f2c4-47f5-bacb-9c0b0c9c88d7,-2.6,-27.4,gv/1/Di3XvFzGlWy8/wE3ilG4PQuaho2hAC4JdvA/Fk=,NEON.PLA.D07.MLBS.00951
1c754bef-a90a-44a5-9e76-bbdde57c43de,-0.9,-31.3,gv/1/Di3XvFmJEE349yKH3RiArYnImHZrP8woNT2Txk=,NEON.PLA.D07.MLBS.01886
54671975-2e82-43c6-ab3d-2f991cf38cc7,-1.4,-30.5,gv/1/Di3XvFmJEE349yKH5i7cabi61zSKmqxprSDlMg=,NEON.PLA.D07.MLBS.01890
f371cb4c-5b63-4b9d-88f0-dae04680d9b7,-1.4,-30.1,gv/1/Di3XvFmJEE349yKH4SporpX+KfUkGAzZFDbusY=,NEON.PLA.D07.MLBS.01881
eb8c6d71-4b9f-42f6-8b2e-79894c998755,-2.6,-27.7,gv/1/Di3XvEsS/ifmYVa1vtSSZDKqecxWOh7kCWb+h0=,NEON.PLA.D07.MLBS.01568
50c5d7c1-021d-4c86-96bf-06ce296c080b,-1.3,-26,gv/1/Di3XvGQrtxvgZITVO6hYlYuZLx8r7g8CyuAmZg=,NEON.PLA.D07.MLBS.01584
9b845c4c-447b-4014-9b0f-9f9813319120,-1.9,-29.4,gv/1/Di3XvFD3Izr4ImFs8zUfeIhClwY/z2dTBo+AKU=,NEON.PLA.D07.MLBS.01610A
821198cd-4609-496e-98b6-4345af332b18,-1,-29.3,gv/1/Di3XvHW5/4uHYOlmUBFRWwoYmpLZaNyYO1O7Jk=,NEON.PLA.D07.MLBS.01546
95081f13-219d-48db-92e1-9e9db6a81fe1,0.8,-28.1,gv/1/Di3XvHehpWEgxlzdNrpvifZbD0S0/rg/gndvPI=,NEON.PLA.D07.MLBS.01539
bf80e636-1fa1-4b9c-a9c4-ca267e727457,0.6,-27.3,gv/1/Di3XvHehpWEgxlzdG2sOQ6SoM+chK+EhrGMf34=,NEON.PLA.D07.MLBS.01566
26ddd755-2bdf-425c-b5d5-ab3fc156004c,-2.1,-28.8,gv/1/Di3XvFHQUg03G1z8aiepKG3SBeboaMOYV0/J6E=,NEON.PLA.D07.MLBS.01506
0a1c0c53-5dad-42bf-a06d-8d0ddf11e5e5,-3,-30.6,gv/1/Di3XvGK91WgTxBVo5F5JuaX6eseM3/Tlqd7008=,NEON.PLA.D07.MLBS.01538
60e8dab5-5a20-46e5-a26d-71f1837d4ace,-3,-29.2,gv/1/Di3XvGK91WgTxBVo+nMQa7ZsC4f20gN9hBtLuo=,NEON.PLA.D07.MLBS.01493
46b3e91d-35da-439c-ab15-6043a0884c03,-2.8,-30,gv/1/Di3XvFEKANMBQRw0h94UiIlL3Z52k2gRUEs5/M=,NEON.PLA.D07.MLBS.01711
1dc0840b-f783-451b-8676-55e940779dc4,-0.6,-26.7,gv/1/Di3XvHRDXUacuknY/bk8T+lluwbCiYyNxLIGpk=,NEON.PLA.D07.MLBS.01718
68c9246e-d60d-4e42-a293-5894284ab23d,-0.7,-27.4,gv/1/Di3XvG2yNIafHW7IJmGdyYS6Eb6OWpJf9ilKGI=,NEON.PLA.D07.MLBS.01685
fd71f2bc-06c5-494d-a884-a5fc3f81f513,-0.9,-29.7,gv/1/Di3XvF3cnDy5BBtPvW1F/VSnN/aCjtRIg6gfYM=,NEON.PLA.D07.MLBS.01640
eee45d34-cf87-4538-9e4b-d792e5fca56d,-1.5,-29.7,gv/1/Di3XvEFzcDzDUTjHBJMFIYYdhZqvdz2e0WFhIM=,NEON.PLA.D07.MLBS.01661
4e7e31b8-8384-436f-a0f8-523f9c4e8ce0,0.4,-27.6,gv/1/Di3XvFpXTGDRuAs1IJyD6pGKMzUEEVvcHvNfWE=,NEON.PLA.D07.MLBS.01655
740aa150-019e-4c37-b7f0-176073e04f63,-2,-30.7,vOIarzMvGliNNzm9ifDC1aa/yi8YJUn22hOgQoMdsIk=,NEON.PLA.D07.ORNL.00848
4e5604fd-2ba8-4c0d-a79e-f9e2d65dd8b5,-2.3,-28.3,vOIarzMvGlihlAl4Y1Jx7n9fTRgE1yyjjXk5R9g6+b8=,NEON.PLA.D07.ORNL.00789
6a52fd5b-1cfa-4019-a7ff-8bc04c921569,-2.8,-29.3,vOIarzMvGlhNFVsyuB6syMmejHjFUMaH0eH3rw1ev1E=,NEON.PLA.D07.ORNL.01487
8c0b9bfb-9df0-494b-bdcf-3441ea9de530,-3.5,-29,vOIarzMvGlhqK3k6dWTmIXyqn4LL85wbS5oDivfcQjc=,NEON.PLA.D07.ORNL.01544
90020f3f-cf3e-4f55-9e0f-253c867e04aa,-3.4,-30.2,vOIarzMvGlhqK3k6dWTmIVGbSPKYwsroPinklfZEkVk=,NEON.PLA.D07.ORNL.01527
040b890c-a633-46e5-b60a-0068f771559c,-3.7,-27.6,vOIarzMvGljU9FFbmwQqfoUpqRSzIrDXLLNPE7i4ed8=,NEON.PLA.D07.ORNL.00951
fad2feb0-8a8f-49f6-99c5-d2738e74d0ad,-4.8,-28.7,vOIarzMvGlh7NBdJ8CKuDESeHUVxBcoKv6xCwFl2r+A=,NEON.PLA.D07.ORNL.00930
eb6b171d-9e53-499d-a53d-180ffce2cef3,-4,-28.5,vOIarzMvGlidirXgNn33ctWEBpp1rvzJ8l+8JdgMseI=,NEON.PLA.D07.ORNL.00919
12e6ea2d-1c72-47a5-ab66-64f0b3f2d3fe,-1.5,-29.5,vOIarzMvGlhI3KzzmOhSnwNtDJYgiaIT+4zbT/RyHoE=,NEON.PLA.D07.ORNL.01558
8e817e3e-8941-441b-bf11-7e3ae5d97881,-5.1,-29.9,vOIarzMvGlhfDoDennRS0gTndWSSz+YxoY0wM9EKVEo=,NEON.PLA.D07.ORNL.01581
b9433fe6-0d26-4f13-ba0e-5f3c384e945d,-4.7,-28.4,vOIarzMvGlhXIwkEjtsUnItxLgmqN2m+nZxthwufT4A=,NEON.PLA.D07.ORNL.02562
4bfd17e0-8bb0-4671-ab96-449e145e7346,-4.5,-27.6,vOIarzMvGlhXIwkEjtsUnOKOBCfkBksWGjr/SHhGtbU=,NEON.PLA.D07.ORNL.02647
232d6b1c-9acb-40a8-a209-8b1445deeed1,-4.3,-27.5,vOIarzMvGlhXIwkEjtsUnEFgJb6NzQN/OfeBjFoa0uQ=,NEON.PLA.D07.ORNL.02648
011e4f46-b14e-4f3b-98f9-5087e5dd3a90,-4.1,-29.9,vOIarzMvGliccYFTJ7MmljRqLGra8aMqZLRrQeqS9vg=,NEON.PLA.D07.ORNL.00971
18c05b23-754a-4ba3-87aa-4c7704e690e2,-4.5,-29.6,vOIarzMvGliccYFTJ7MmlvA66TAGfRvfGxvTwjcJO8A=,NEON.PLA.D07.ORNL.00997
d3bb676b-6676-41cd-9b81-f01aee2c174c,-3.4,-31.2,vOIarzMvGliccYFTJ7MmlpQQcTmml1ahuUESrECJrG4=,NEON.PLA.D07.ORNL.00994
c99fa828-2a01-4e18-9adf-4c0f0473c683,-3.2,-31.2,vOIarzMvGliccYFTJ7MmlpQQcTmml1ahuUESrECJrG4=,NEON.PLA.D07.ORNL.00994
8793b2d9-0a2a-495e-aed7-bf81c951e62a,-1.6,-29.6,vOIarzMvGlhI3KzzmOhSn1P7I0gk79Zdv/KiM2o4WXE=,NEON.PLA.D07.ORNL.01563
51df9540-6f7d-4b39-9fe7-779731011123,-3.6,-29.6,vOIarzMvGli8zNAdKFHvRKtJADwWciG9YR45iLylBIE=,NEON.PLA.D07.ORNL.01907
5387e94e-e6c9-442e-9da3-6778ffbf2d96,-2.4,-30.9,vOIarzMvGli8zNAdKFHvRPr36zWwFMXdxEbRy5r0v+8=,NEON.PLA.D07.ORNL.01860
a2d99129-ebe8-4e74-a792-a795f09c343b,-1.5,-31.2,vOIarzMvGlgbyQZJ28HP5qzgrVcFMU3SV4MetFO1iIk=,NEON.PLA.D07.ORNL.01875
71776798-2e0a-4fdc-8e56-4dd220d63d72,-2.7,-30.3,vOIarzMvGliqMbQvpYpQYWdxE+5uHt8YjgaRl+yE8YA=,NEON.PLA.D07.ORNL.01158
1199cc84-b336-4fad-ae47-5e70d07b070c,-2,-30.3,vOIarzMvGlgVh3zv/lSuIjrwCQvsfUmDWrp9RyrEnok=,NEON.PLA.D07.ORNL.01198
508411b8-d654-4ce6-a8e8-8700721d07ce,-1.6,-30.9,vOIarzMvGljGGYBt1c0XnJMuIn+DLfaCf9lHpfUtlkg=,NEON.PLA.D07.ORNL.01181
e6ad4b2a-24b1-4074-bfd6-ff1b7e219227,-2.1,-29.9,vOIarzMvGlhGRCWNBhhlUndOR4++kjo/RByppRh4nc8=,NEON.PLA.D07.ORNL.02487
a77df345-b976-4afc-a0a0-c212f3c37d96,-2.7,-29.5,vOIarzMvGlgGYsjowt2fihK2TlKWC6gxYSqtpOQgn5E=,NEON.PLA.D07.ORNL.02493
e5ebfe9e-b4a8-4d04-8e49-6af6c096da31,-2.3,-29.3,vOIarzMvGlg04p2XhkcV4ubzj+23LgYTQ51SpDwliJE=,NEON.PLA.D07.ORNL.02477
867db27d-6522-42e2-8a06-17570853243c,-4.7,-28.9,vOIarzMvGlggtSAtpZokAazdbIV1gXuSaipiyRxuVpk=,NEON.PLA.D07.ORNL.04041
bd31cd0d-d8b1-4fd5-81ea-d4166ee63a51,-4,-30,vOIarzMvGlgA+4h+hI6kSYY7FX/QKGOy3ZD6elNJ5DA=,NEON.PLA.D07.ORNL.04093
9d1d1541-8eaf-44ad-93e2-a902ea9ff1f1,-4.2,-29.3,vOIarzMvGlgxc1J/YgiHbyg39cAsBSa2S/DZ1N1BBeM=,NEON.PLA.D07.ORNL.04078
3203aee8-aab1-4a4e-9803-feedb5825221,-3.2,-29.4,vOIarzMvGljqcaHti5RX4MbD/aC8cxeX0y7VDTdttVI=,NEON.PLA.D07.ORNL.00655
98019a5d-f1fb-40db-b6ad-f2d2eefa0e0c,-3.1,-29.3,vOIarzMvGli/jyfR0JsN+CRGHbHCa4khccNCOHiqvak=,NEON.PLA.D07.ORNL.09396
9aa61800-35d0-4b76-aeac-ff15da0e3f7e,-4.7,-29.8,vOIarzMvGlgUL6X8nUTHVzoVORji2FLFYo34UlxWR9w=,NEON.PLA.D07.ORNL.09388
68f37a82-6a26-480e-8db1-4460534f52fe,-3.8,-28.3,vOIarzMvGliqgT8LShYclzhzbztLvcGmiYyWpzEv+Vs=,NEON.PLA.D07.ORNL.09278
622eb16d-e76a-4ec4-9b2a-2f04359f0fb8,-4.2,-29,vOIarzMvGlgAlbr1qwG85cbrlx+iaqNMqDE0blr86UU=,NEON.PLA.D07.ORNL.04906
d11dd217-d951-4262-a3f7-114b8ea25db4,-2.8,-28.2,vOIarzMvGliwbC+EobvpkTosJSgXlPFVYXPJ345mvls=,NEON.PLA.D07.ORNL.04848
9d0b66e6-cc67-496e-a37f-37eccb1dbefa,-3.5,-30.6,vOIarzMvGlgxOaVJyQsDKzwAJs1YhXkUcaTjtKPcrIs=,NEON.PLA.D07.ORNL.04841
de0d5356-729c-404a-b0ad-a5a7ab45b113,-3.4,-30.6,vOIarzMvGlgxOaVJyQsDKzwAJs1YhXkUcaTjtKPcrIs=,NEON.PLA.D07.ORNL.04841
42fed6a0-dc19-4bef-b021-aa3ae7362e9b,3.6,-29.1,Nc+HNMhlqfsAhFo00mW98DxiUETxOpi89aDGrmcTVb0=,NEON.PLA.D08.DELA.12552
f982690c-2b7e-4642-9b19-b5b1ea12ab18,4.5,-30.1,Nc+HNMhlqftqTy1u6ZC0mcDZhrM56GNreDrZYbTy18Q=,NEON.PLA.D08.DELA.04948
9a5e97ba-bb9e-401a-b55a-6d3acfc61944,4.2,-31.4,Nc+HNMhlqfu2Elvk5YKLrDGF+5Kf6lJrkxOdRsqUcU0=,NEON.PLA.D08.DELA.04982
4a3804ae-3062-42af-ad4f-c17be826f272,3.8,-29.5,Nc+HNMhlqfubEIJhrJbaDsb7yj31PY9MpO8+dN+5GkY=,NEON.PLA.D08.DELA.04146
9889945e-34fc-46c4-926f-5e7f8f9ed06d,3.5,-29.9,Nc+HNMhlqfubEIJhrJbaDsb7yj31PY9MpO8+dN+5GkY=,NEON.PLA.D08.DELA.04146
f7d9457c-e98d-4e65-8aea-95d4da0a1fae,2.8,-30.7,Nc+HNMhlqfuEyRxypRJayAmYu8zBVJ+oNH4do/ab9eQ=,NEON.PLA.D08.DELA.04151
50bd21e8-284f-4d10-95de-ddb5a169e953,2.1,-29.8,Nc+HNMhlqfuJihW7TqzFUCDtDVowxajkByIISbZDOvQ=,NEON.PLA.D08.DELA.04432
e40b2eb8-6e59-4660-b20b-51970064973b,3,-29.7,Nc+HNMhlqfuVmfWG3sJo/4ChTahclVRNUzx1tzVVPYE=,NEON.PLA.D08.DELA.04446
ce0e1928-7dc4-4579-952a-a5d5b76498b5,3,-29.7,Nc+HNMhlqfuVmfWG3sJo/4ChTahclVRNUzx1tzVVPYE=,NEON.PLA.D08.DELA.04446
d572860b-0118-47e2-9d10-f597e1e49ef6,2.3,-30.1,Nc+HNMhlqfvvm02IDN9uY7o3BXor7ncY17ih6H4WN/A=,NEON.PLA.D08.DELA.09665
ba77b60e-5aa2-41ee-9bbb-52e2f0ce4f2c,2.2,-29.5,Nc+HNMhlqfs1i/4qlXddoIwx0Sl7TKmuHt+F0flBpZ0=,NEON.PLA.D08.DELA.04470
7dffc9fd-3f11-4fea-ad40-3419eeec2870,3.5,-30.3,Nc+HNMhlqfsgqmncHxB7bZrNuQB+zWH5d3l+E9EKhLs=,NEON.PLA.D08.DELA.04082
20e6d6e7-9dcd-4901-a726-e937e40a6776,2.5,-30.8,Nc+HNMhlqfvifAHEy8/dwXzlq8H4ORqGf/xWgxmPPxo=,NEON.PLA.D08.DELA.09158
f1f0b28d-b75e-4562-b5dd-8f06b2715c1c,2.3,-28.2,Nc+HNMhlqfsb94WmMdNuWIImKxZb8nNw+myuSQtbBHY=,NEON.PLA.D08.DELA.04086
ff2649c1-b832-45bc-bdd8-8428f7d861fd,2.2,-30.5,Nc+HNMhlqfsfGrsG+JlZC32+dG7s1BFY54prSAeKL2E=,NEON.PLA.D08.DELA.03583
a06ab37b-7880-4be8-a4e4-c8af988a837a,1.4,-31.7,Nc+HNMhlqfsfGrsG+JlZCwYE3knyp5CAk0+6iEtasRg=,NEON.PLA.D08.DELA.03602
62e33b32-cfb4-4d15-8cd8-3fdb9e83723a,1.2,-30.3,Nc+HNMhlqfsXikZFAnnYM8hoPS8Qps2BYpY2CBxRPac=,NEON.PLA.D08.DELA.04697
9b09b58b-ce5f-4163-8175-59d0864930f7,0.9,-30.1,Nc+HNMhlqfvc7rqhJ/TzRk0q/+7O1lkqDkuhUiziMOI=,NEON.PLA.D08.DELA.04692
cca5b2a1-01d7-4ad5-9d5b-952c011f5af0,3.9,-29.4,Nc+HNMhlqfuElt3OuXY/n0/UjYMXg263MMHShfxk7P0=,NEON.PLA.D08.DELA.04551
6e2feb39-427b-47d5-a793-32749fc6e19c,2.4,-31.6,Nc+HNMhlqfuElt3OuXY/n7m4j/+0Wu7sEpp1g657JWs=,NEON.PLA.D08.DELA.04528
86e84ec8-872e-465d-a66d-408e1a2983c6,3.8,-29.8,Nc+HNMhlqfu2Elvk5YKLrGmhCtNDa3OalGts2J8xLKg=,NEON.PLA.D08.DELA.12839
030cd49e-2b4e-4d07-adf2-40ab6f523c6b,4.4,-29.6,Nc+HNMhlqftqTy1u6ZC0mcDZhrM56GNrR9qUnVaIwU8=,NEON.PLA.D08.DELA.04943
d31b8179-273c-465f-b7ef-3c12dc8cb962,3.4,-29.9,Nc+HNMhlqfuiM/ESpgon1dGZAo/aOCEku2xVwGdn3gE=,NEON.PLA.D08.DELA.03841
1a257f1d-245a-40b8-abd6-adfcdb6b5d8e,4.5,-26.4,jmTOfpHQ+Zu6wELocwde+/e4kF0nGU+nmQtv5AD+dGE=,NEON.PLA.D08.LENO.00025
6de4b214-9e5b-4104-968f-5f5193d32fe5,4,-29.1,jmTOfpHQ+Zs4NEObMcDzaIoO8CfwakDsmkZxSxwNdgA=,NEON.PLA.D08.LENO.00016
ad1e7b45-3a1d-43db-8b3e-93f885533488,4.8,-28.7,jmTOfpHQ+Ztml3RyqHAM4zkaZGsMbcD9NbqY+hoW6XU=,NEON.PLA.D08.LENO.00079
1f9a7f69-a6d3-4804-9ba4-ffd126eb8c5d,4.7,-28,jmTOfpHQ+Ztml3RyqHAM47/kc4bIqcXHVBsYAVP+djA=,NEON.PLA.D08.LENO.00065
5a9eb432-c06b-4f8b-a286-ad9bc61fa73b,4,-28.5,jmTOfpHQ+ZujS97ycDDHCeDyKa+NA8/B8fBKwrsjba4=,NEON.PLA.D08.LENO.00652
a45729b1-3f6e-4b0a-bbce-603733f97266,3.7,-27.5,jmTOfpHQ+ZujS97ycDDHCRr6ASzhDgigxldA8k0Ey64=,NEON.PLA.D08.LENO.00647
345b1bae-07fa-4f65-b754-727eabc225bc,3.8,-28,jmTOfpHQ+ZsZiNJZ+ry4Tg3iRxQW9Fte1dNlh4YbNOU=,NEON.PLA.D08.LENO.00667
e5686047-2d00-4784-adb8-1afe4d475cd8,1.7,-28.1,jmTOfpHQ+ZsZMjJ+IBWsbRvFmYm1hO1J1tDtfAKAgPM=,NEON.PLA.D08.LENO.00773
405d189f-d5c1-41e6-9df1-c99f674f2b75,1.7,-28,jmTOfpHQ+ZsZMjJ+IBWsbRvFmYm1hO1J1tDtfAKAgPM=,NEON.PLA.D08.LENO.00773
c3c88396-501f-476a-aafd-b9a1c7742ae6,2.5,-31,jmTOfpHQ+ZtF6/ER24Aek3DXLf9pG2Cvz3xw95hmPDk=,NEON.PLA.D08.LENO.00799
ef7d1f25-e0f8-4cde-b61f-ae2f899360dd,1.3,-29.5,jmTOfpHQ+ZsZMjJ+IBWsbWMUZZWtI1HZxMr3IcHkPKU=,NEON.PLA.D08.LENO.00752
d2c37ba5-505a-4dac-b8f0-517a1d5e01ea,1,-29.3,jmTOfpHQ+ZvRAXq72i02G0RXVXFHpQVhdatGKlsB3Oc=,NEON.PLA.D08.LENO.00178
2fad4c37-b688-42ed-bf58-79f284bb9e4c,0.7,-28.4,jmTOfpHQ+ZvRAXq72i02G7YjWbh0/3KhgzlbiozSO/A=,NEON.PLA.D08.LENO.00190
e972ce04-b5ae-4c1d-bcce-d01018580d26,1.4,-27.1,jmTOfpHQ+ZuD7DuvLcKVc/1VgjgdC1KO0P5JSX0cvQY=,NEON.PLA.D08.LENO.00256
8512432d-3e8d-4758-b877-319ca5546063,5.4,-29.8,jmTOfpHQ+ZtNTZjs21STxVgIN+md4HfSCulb34hdZC4=,NEON.PLA.D08.LENO.00240
e7eb111b-fefb-412e-8fc2-7482d79d1703,1.7,-29.2,jmTOfpHQ+Zt6E43sjfdM78457RTgshDXeCz+ZvS6xGI=,NEON.PLA.D08.LENO.08527
4185a744-8eeb-4296-9b7b-af0b80bbff16,-0.3,-28,jmTOfpHQ+Zt6E43sjfdM7/K6oyuf6wUYfMG2Q62BwxE=,NEON.PLA.D08.LENO.08530
325f835d-4e03-4276-b8a7-6dd39a90f546,-1.1,-28.6,jmTOfpHQ+Zu0u/oXwnPihXIZAg1bnCmza9yUoBdPbk0=,NEON.PLA.D08.LENO.08444
c560bbfe-c163-440b-8425-53622bb34b16,0.6,-29.6,jmTOfpHQ+ZsgIjag6hsyJhKyUKh5lckYk0mn75GAjKQ=,NEON.PLA.D08.LENO.08458
0c303ebe-3176-4e10-92bb-28e4634f6cce,1.7,-30.3,jmTOfpHQ+ZthBTYF6lnCHeY3fZ7NuNHpdbYdgNj4ihM=,NEON.PLA.D08.LENO.08425
c89a531f-2680-45cd-8bfe-bc4451261a2f,1.7,-30.3,jmTOfpHQ+ZthBTYF6lnCHeY3fZ7NuNHpdbYdgNj4ihM=,NEON.PLA.D08.LENO.08425
8c5c5c6c-33cd-44fb-bfa1-7d2e5289a42c,2.6,-26.7,jmTOfpHQ+Zt5OT/G06Pds9Z4ITHmVvdgo0UdUFMGBLA=,NEON.PLA.D08.LENO.00631
33a5f9a2-3eff-4fb2-b2a7-60b7471cbd88,5.2,-29.2,jmTOfpHQ+Zsa/2ZyiXAEzNxEe17Q7Qk5q+5hKdrc7fM=,NEON.PLA.D08.LENO.00977
d2c31472-b83f-49a6-a1ca-b6b1da9091a3,0.3,-28.2,jmTOfpHQ+ZsW2lanyum3N+zzXF2yyvfy2CyUlaGoyuY=,NEON.PLA.D08.LENO.14643
e3753dca-9aec-4dcc-8af9-5435be2abe3b,-0.6,-26.5,jmTOfpHQ+ZvavLb238g3up/qRXakXwLeLpuV1+Il2NY=,NEON.PLA.D08.LENO.08852
bbc46954-5b56-46cb-9981-b94c313861d2,1.5,-30.5,jmTOfpHQ+Zs+bBY+IN+U7cTlrwnw+kJXL4S8bIkZLrA=,NEON.PLA.D08.LENO.08763
7c099efe-0c6e-498c-ae41-969021a66547,-3.2,-28.8,8YsBtW+LzBassxoNPqOCfsP6SnXsMbtCJQxYJTchQCM=,NEON.PLA.D08.TALL.03295
286a81d6-b3d8-43d1-95f4-d3e9c83b0555,-2.4,-30.1,8YsBtW+LzBbAWUjQ/Py/wXylj2i3a6ewjwi9J3xqT8w=,NEON.PLA.D08.TALL.00231
403f0406-3d67-45a4-a3b3-9d792387593b,-3.5,-27.5,8YsBtW+LzBYzk8iY5xZI+Azf0kOAAgikXW6N+AMlUNk=,NEON.PLA.D08.TALL.03426
ec6d830b-ae87-44a2-a9c2-fd8f50ca4912,-3,-29.4,8YsBtW+LzBaBNRgmmnlcAtcJtSFF5t0JRNiFpuGWGag=,NEON.PLA.D08.TALL.00213
084babd0-b240-44db-bab8-b46d47b0ba19,-3,-29.4,8YsBtW+LzBaBNRgmmnlcAtcJtSFF5t0JRNiFpuGWGag=,NEON.PLA.D08.TALL.00213
116d175d-7389-4600-8460-1d2babfd4c10,-2.6,-28,8YsBtW+LzBZIhqe20cuOavAv4ImZl4kQ0FAUnD62NHI=,NEON.PLA.D08.TALL.00248
6c2f68a4-1e05-4eee-a463-7c4512eeaa02,-3.8,-30.4,8YsBtW+LzBassxoNPqOCfmqlBFQbOIaEsDYm/J6Hb+A=,NEON.PLA.D08.TALL.03408
a2aea95b-ca5a-4c4f-a394-0a308256d0d0,-5.5,-27.9,8YsBtW+LzBYUtrl3C55a8MkOztb7It+BuskThdGIzu8=,NEON.PLA.D08.TALL.02329
63f2cd3e-f0bd-4f97-9bdc-f6fb2e49e0f7,-3.3,-31.3,8YsBtW+LzBalX5oNx5Y8h6FP+rrxc8yb0wjqxGwntTM=,NEON.PLA.D08.TALL.02342
6cffc771-ac81-42c1-91e5-798ec4067d88,-5.8,-28.2,8YsBtW+LzBZk7IIQRxP4MKSGoPYPQ+jDJuC6zTEw/Jk=,NEON.PLA.D08.TALL.02330
8bdccc86-4bfb-4ab1-b4e1-30823eeb7ca4,-4,-29.9,8YsBtW+LzBZkoqqz3jse/LJxa0R2vLFj75RqYdHCkpI=,NEON.PLA.D08.TALL.01918
8ec30a87-9b53-4e63-97db-ed85a8e1182e,-2.4,-30.1,8YsBtW+LzBaumRUTuUa2OOQteI6cAchRNPcVzjuJ9iw=,NEON.PLA.D08.TALL.01906
2764d735-fd1a-465c-8fa1-816c1a3bb7b1,-3.7,-28.1,8YsBtW+LzBZIcn582PMpH6I41CmT/G3X1nUEq2NGE98=,NEON.PLA.D08.TALL.01903
e9d92722-59b1-4c6c-9762-4ff82880bc58,-3,-29.3,8YsBtW+LzBa4bqYOE8l8PKOG6JWOVejQ6jtB3auPH2I=,NEON.PLA.D08.TALL.00964
33bec206-b0be-4e58-a05b-b03e3ddc886c,-3,-29.3,8YsBtW+LzBa4bqYOE8l8PKOG6JWOVejQ6jtB3auPH2I=,NEON.PLA.D08.TALL.00964
363ba74a-97af-456a-b0d9-fb45d3ed3c2f,-4.6,-29,8YsBtW+LzBanOM6nPxgKM/5eFEOWOUdtvdruu1PyCRI=,NEON.PLA.D08.TALL.00922
7ac48f08-0aa4-4350-b32e-043fc5176022,-2.1,-28.7,8YsBtW+LzBZoC/dzSdnAZgq/QwKOBjpLQ0QosHXH3RY=,NEON.PLA.D08.TALL.01905
992317f5-92ed-463b-9f29-bb9be8d8b315,-3.3,-28.4,8YsBtW+LzBboROEjlsJZMKV8FVNrP+Mrvb+V9wz2Giw=,NEON.PLA.D08.TALL.00925
c4a37cc2-50e3-401f-9aeb-981e91af44aa,-5.7,-29.2,8YsBtW+LzBZoC/dzSdnAZtuokiVPhwr6JNPqUyDXSd8=,NEON.PLA.D08.TALL.02111
ec734e35-f683-4053-9ce9-a7a449183b5b,-3.2,-28.8,8YsBtW+LzBZoC/dzSdnAZnyBFjkM9ZUusW9rG70uS4g=,NEON.PLA.D08.TALL.02155
9711d804-2ed7-4977-9096-6ff41489b073,-3.9,-29.3,8YsBtW+LzBYBYnfepUqqs+rdfHyJssOjZLqXLNzw4+I=,NEON.PLA.D08.TALL.00667
13d76f12-9dc4-493b-acdf-c159efc7640f,-6,-29.6,8YsBtW+LzBYBYnfepUqqs06Bxhj4+adaLgqb5N4p0+g=,NEON.PLA.D08.TALL.00380
689bd190-5935-48a5-87e1-36f987e44fbf,-3.6,-30.5,8YsBtW+LzBbZU6Zj0MjQkLSHNRx9gjMYpJP8hwT3vKg=,NEON.PLA.D08.TALL.00474
26ae15b3-dcad-422f-bd1d-d6812677cede,-2,-28.4,8YsBtW+LzBaQ0JG/YjGQXWa0LLhU/PQbmss51czB4eI=,NEON.PLA.D08.TALL.02782
cc7983a1-78be-4ceb-a516-8a00640cccd8,-2,-28.5,8YsBtW+LzBaQ0JG/YjGQXWa0LLhU/PQbmss51czB4eI=,NEON.PLA.D08.TALL.02782
29a72e57-14e6-440b-afe9-7d8ea7078cd2,-3.4,-27.2,8YsBtW+LzBZ3GiG891H0j0ugWM2GcaLhCCdh9h1cPIs=,NEON.PLA.D08.TALL.02629
3b90d932-0358-4ee9-9646-24ca20f9cd7b,-4.4,-29.9,8YsBtW+LzBa+g+bV8jyHnnF3zuLbFzIxRiqSW3MNAjA=,NEON.PLA.D08.TALL.00995
fad40940-158f-4470-941d-0d60454df217,-4.2,-32.1,8YsBtW+LzBarmyPXj2p36TEqS4grP2lMzdHKTfltXWk=,NEON.PLA.D08.TALL.01106
04c7e488-952c-473b-80ae-0040bcd90a48,-4,-31.3,8YsBtW+LzBa4Jrx76Su1MKhWFH7r1cgzNQ4wHLLe5r0=,NEON.PLA.D08.TALL.01092
d0603182-d93c-490d-a6aa-f4e7316fd820,-4.8,-28.8,8YsBtW+LzBY5k6dHh5HSWsN9G8ZmMR15XvFAgaStn5s=,NEON.PLA.D08.TALL.01834
6345d944-fb67-48c0-bd9c-d719943caea3,-5.3,-29.6,8YsBtW+LzBaere+XsE42kwpqDVIKcVh4kxUYMNvXUdM=,NEON.PLA.D08.TALL.02017
8ce4b523-f6eb-45df-8796-05123788233c,-5,-29.5,8YsBtW+LzBaere+XsE42kwpqDVIKcVh4kxUYMNvXUdM=,NEON.PLA.D08.TALL.02017
486378ad-ac2b-4304-8666-ba0b2c3fa414,-7,-28.4,8YsBtW+LzBaere+XsE42kxN8xKzPF2IYkjVQYk7bJ4g=,NEON.PLA.D08.TALL.02026
ac64a855-6fce-46a9-96b5-66c8bada0b9c,-2.2,-28.8,8YsBtW+LzBZV0iGplBv6sJJCqYV5ZcINt934npZ4d3I=,NEON.PLA.D08.TALL.00562
c4e7b798-41be-4b9e-92ee-38b54bf470ee,-2,-30.3,8YsBtW+LzBZgU626mfJPgWec1/7WFC24EA+8PEUBrrg=,NEON.PLA.D08.TALL.00207
15d2b5fd-77d4-4bb9-96d2-05c1fa5e16b7,-0.8,-28.4,+Bzwz4UdNwSU5gsAdDne07ynO3o3GktYtE3CEi2ae/Q=,NEON.PLA.D11.CLBJ.01604
72e0bbee-64d9-4bcb-83d8-48f7377fed17,-1,-27.5,+Bzwz4UdNwSU5gsAdDne07ynO3o3GktY7eyXTxniqsw=,NEON.PLA.D11.CLBJ.01626
a0fe78b2-60ff-4d12-8f46-932c51b80c2d,-1.9,-25.5,+Bzwz4UdNwSG0wol2osEg1E1CjGXLYprvTXIhJ3vDPk=,NEON.PLA.D11.CLBJ.01009
96c1cc68-3b3e-4cd2-8bd9-9b27f8832061,-2.2,-27.8,+Bzwz4UdNwQYf/ZQCK5zmRdLxJcVl/JmdPLikAvGCmY=,NEON.PLA.D11.CLBJ.01002
29f39105-ff5d-43cc-90b1-9f9985369d85,-1.9,-27.2,+Bzwz4UdNwQYuepfUJobhJLHajbMaQ+0RllsFOTXie4=,NEON.PLA.D11.CLBJ.02536
e7957355-9d73-43b6-8bd5-d95a88c4282a,-2.4,-27.5,+Bzwz4UdNwQYf/ZQCK5zmbU9BDiZIcX3aFlaSARJu9E=,NEON.PLA.D11.CLBJ.02539
e8276cc7-8718-46d2-913c-04fe1002b5eb,-1,-28.1,+Bzwz4UdNwQ53udWiQpPXxASa5MDZ1qEkcYCbqDl6A0=,NEON.PLA.D11.CLBJ.02580
80a898d2-be5f-4d57-897a-c332853d4a02,-1,-28.1,+Bzwz4UdNwQ53udWiQpPXxASa5MDZ1qEkcYCbqDl6A0=,NEON.PLA.D11.CLBJ.02580
23f4f4b2-5ca1-4f2d-a88a-d920e9163516,-0.8,-28.6,+Bzwz4UdNwRm75lM8x4fJBl26iHojXpebp75eDv4hho=,NEON.PLA.D11.CLBJ.00946
f23efa64-1879-4de0-b9e8-13496435f869,-0.9,-28.6,+Bzwz4UdNwRm75lM8x4fJBl26iHojXpebp75eDv4hho=,NEON.PLA.D11.CLBJ.00946
3eb54c95-d633-41b3-9055-0e79017bb7cc,-1.7,-26.3,+Bzwz4UdNwTYEi43NI3OFIXqxKbBj/O0wH0zBSX57b0=,NEON.PLA.D11.CLBJ.00943
8131d086-e043-44d5-a144-c6e627e1a56f,-1.5,-27.7,+Bzwz4UdNwQ9acRmof3NoJG9SKzfhQbdvhFyqPdQT6Q=,NEON.PLA.D11.CLBJ.00988
8b542c2e-b7c5-4cdf-bcfe-b435ecde9f27,-0.7,-27.2,+Bzwz4UdNwQY3pXezZndGeoLzgGN3+Sle4mW8L5O1w8=,NEON.PLA.D11.CLBJ.01030
9c09380c-8ebc-46b2-b906-55e84b070fea,-0.4,-27.6,+Bzwz4UdNwRKSsqgjm3lw4fVy8CXkZnVQE8Hd+e9dD4=,NEON.PLA.D11.CLBJ.02012
efa95cd5-7a42-472f-879d-bc6ebb5789ec,-0.8,-28.2,+Bzwz4UdNwSCLwrJ5CfsPRjNYdbvde9ALERntQi4yS8=,NEON.PLA.D11.CLBJ.01016
508d0d90-c770-4f45-bf7d-87068dca244b,-2.1,-27.5,+Bzwz4UdNwRD2Zgs4cL+0Hlg5CG/P+umm3vhEOfCwWs=,NEON.PLA.D11.CLBJ.02682
87360cbe-47c3-4324-99e6-a983178e406b,-2.9,-28.7,+Bzwz4UdNwSMesmZJNEz9v8QEtgwO5jaDp22C+DQJJA=,NEON.PLA.D11.CLBJ.01550
e58904bd-3fc7-42af-8d67-0323d99b48c6,-1.8,-28.5,+Bzwz4UdNwRVK0vQNLpL6U++dFv27O190p36/lLudyI=,NEON.PLA.D11.CLBJ.01537
cd067e78-be11-474a-9757-b336f0ef1734,-3.5,-27.6,+Bzwz4UdNwSnQNUDx4Ld4Qw8COVu6aBRTxA/j0vPHkk=,NEON.PLA.D11.CLBJ.02138
82d4a896-3d9f-4d8f-8347-1971128a71f1,-4.6,-28.7,+Bzwz4UdNwRJ9+8wTw84aMPTm86UpULwcW6dxbVu1Bc=,NEON.PLA.D11.CLBJ.02177
f227225d-a0a7-416c-930c-08032cc8245f,-0.4,-28.3,+Bzwz4UdNwQfdkOXPZjgHX92ulkkv3JcQoM/dlX5m/I=,NEON.PLA.D11.CLBJ.02184
3add5048-a614-4d95-9f08-0ff152dc54a7,-1.8,-27.3,+Bzwz4UdNwTRVu/no6m2hIWngUh109n2fZXgSN3torI=,NEON.PLA.D11.CLBJ.01777
b1a060b4-6f5c-4477-9b72-45d0c5ae63b6,-3.2,-28.2,+Bzwz4UdNwTd1qvc8bWAR05H0c07TSXgbiEO+bC9HVk=,NEON.PLA.D11.CLBJ.01771
a719c0eb-7da1-422d-90db-7e9178305a14,-3.7,-29.4,+Bzwz4UdNwSrcxGE8Q/cEXmxXAgWKdq2LQGv4voPTB8=,NEON.PLA.D11.CLBJ.02282
b893953c-6341-465b-a464-9f8a9d49a9f1,-3.5,-29.5,+Bzwz4UdNwSrcxGE8Q/cEXmxXAgWKdq2LQGv4voPTB8=,NEON.PLA.D11.CLBJ.02282
fa712cda-4691-44d3-8db6-14a3b0bb715a,-1.6,-26.5,+Bzwz4UdNwQlM/A57uLrHjswbI1Tp5Qm/n76oLlHXaE=,NEON.PLA.D11.CLBJ.01505
469cd3c5-ea91-49f9-b396-c2d576c34c55,-2,-28.5,+Bzwz4UdNwTnEgZceU0rcINYe6ROOsjevfq4yzCBEi4=,NEON.PLA.D11.CLBJ.01511
1ea1381a-ed8b-4a24-a730-f4743232ab51,-3.4,-28,+Bzwz4UdNwRkjoE9n1+vrG6Nv9YL7aYeSLHQGflZyNw=,NEON.PLA.D11.CLBJ.02447
57b5f87d-8e80-4872-b532-ba57ac83d05d,-2.1,-29.4,+Bzwz4UdNwS0pYHFb+XKfVKD1d/le8D+nopD0BPIHSg=,NEON.PLA.D11.CLBJ.02432
c1c39dce-225e-41b8-869c-6bb26c1b9e7e,-1.8,-27.9,+Bzwz4UdNwSCA6yVk99b26f8bD992pVIduTrqyGOOPY=,NEON.PLA.D11.CLBJ.01899
496fa9bf-ab40-4bf5-b362-b107041837b0,-1.4,-29.3,+Bzwz4UdNwSI2PwyzOqlgvK32S0H/4Q++kz2HQGAR1c=,NEON.PLA.D11.CLBJ.01883
fd461620-e015-4f86-8cdf-bd9459cc513e,-1.2,-27.1,+Bzwz4UdNwTCgfzxNjTNGnAixDlweP0Z1//7BmFa72c=,NEON.PLA.D11.CLBJ.02687
25aa6d4d-f245-48de-871c-065d1990265c,-1.8,-24.8,+Bzwz4UdNwQV+nFEoQN1pMjy0zGNlaF2vKIckJnD0xk=,NEON.PLA.D11.CLBJ.00604
b4e5b5a3-2a08-4d2b-a3a8-109f7cac81c4,-0.7,-26.9,+Bzwz4UdNwSQRpgwYyYyZnUDJabugCnVsSzWrNsoeF0=,NEON.PLA.D11.CLBJ.00057
aa72298a-712c-4df2-9f91-ea5f3c919036,-0.1,-28.3,+Bzwz4UdNwSSEaeoNeB0LSj92e+bEL7i2kWMYE8mZW4=,NEON.PLA.D11.CLBJ.00091
99c6b0c3-30f0-4034-a1ce-ac3c328934e5,-1.9,-26.3,+Bzwz4UdNwTTFpkdwjCOfzXWjoOSZc/Y++vVeMaQw74=,NEON.PLA.D11.CLBJ.00088
42676379-42fc-45cb-9c7b-572185f30004,-1,-26.7,+Bzwz4UdNwTDG1FeT5z6BjCmw7LJztJ+0ZaZDP9cEbc=,NEON.PLA.D11.CLBJ.00133
b75c38f8-9c4d-4255-a00d-056850d40634,-4.7,-23.6,S9R44vg6v2+pbBt1VnwnmZovHsx9Mz5wxzF9bGfySJI=,NEON.PLA.D13.MOAB.00631
6e07afd2-ac8d-4d4f-b8b1-99056b91309b,-5.4,-24.7,S9R44vg6v2+pbBt1Vnwnmfa1JJaWIQDYnwmGkrP5jK8=,NEON.PLA.D13.MOAB.00656
dacbd79e-2d68-4f9e-ae66-2fcbba4aa213,-4.2,-24.4,S9R44vg6v28Ulz9XyZYlkYUtUIBo+Vkwc3uK7P8rImo=,NEON.PLA.D13.MOAB.00691
0d893af7-2001-4ceb-83c7-2060470abc6e,-5.1,-24.7,S9R44vg6v2+upPaIqgO8BUIbj0jSV//6SNvuQx7vmgo=,NEON.PLA.D13.MOAB.00518
a3b2a3aa-86fc-4ad2-8118-3dec59171ac0,-3.3,-25.2,S9R44vg6v2+rbr4HBpNCWCfM95HLN8uWQ9EecnX5HB8=,NEON.PLA.D13.MOAB.00548
3639d2e2-4140-4eb8-91ac-c43a93114a85,2.6,-25.8,S9R44vg6v2/9NxS7VLe+v93SFNmWzzzlc7OsK94UnIc=,NEON.PLA.D13.MOAB.00396
fb36c6d7-491f-402d-bf31-d7fa9b2edf7a,1,-26.1,S9R44vg6v2/9NxS7VLe+v65ryXHEK48zCYsY8PvrdS8=,NEON.PLA.D13.MOAB.00503
6a49d688-3182-4eeb-951a-01168dc1fc62,-0.1,-25.8,S9R44vg6v2/9NxS7VLe+v7/5M5ATASQl0NtemjEGIsI=,NEON.PLA.D13.MOAB.00398
980ab87b-111b-419f-a83f-4daffff78753,1,-25.4,NrWJnEy30pYr4GLSTAZ24yN8oL+QHJhidXI7U0chpHA=,NEON.PLA.D14.JORN.02699
c52ed8f2-d3e2-49d8-95a5-9a9f4beee56d,1.3,-25.2,NrWJnEy30pZRljXI+FTyc/uwdhyAYSe+mwqvQkYrQcM=,NEON.PLA.D14.JORN.02697
7dc26ceb-8ffa-4cd0-98d1-b12295ee8049,1.3,-25.2,NrWJnEy30pZRljXI+FTyc/uwdhyAYSe+mwqvQkYrQcM=,NEON.PLA.D14.JORN.02697
5b98f2a0-b654-44e4-afa6-3e6389469650,0.6,-25.4,NrWJnEy30pYsOLt0P8zpUfj1NcQEr+t2fQ9QGvrUo0Q=,NEON.PLA.D14.JORN.02598
bd187303-08ba-4c33-b88e-cf14663a6954,4.2,-25.1,NrWJnEy30pYsOLt0P8zpUddx+xxMxYlrb6gGDqgQNLM=,NEON.PLA.D14.JORN.02599
9418d4a1-07cc-447a-ba9d-8538bef4a1f2,2.3,-25.8,NrWJnEy30pZRljXI+FTyc2s84MxjG5P116haV5NqLeg=,NEON.PLA.D14.JORN.02695
0666700c-7000-43f8-a41d-b28df528da00,2.4,-27.6,NrWJnEy30pZCBryAjUp90aWS5T4mcdZBGf9qQJCGu18=,NEON.PLA.D14.JORN.02694
af3844d5-03ab-4710-a59d-774d388f79b7,3.4,-27.1,NrWJnEy30pZCBryAjUp90THkSfUmXWd7+rItOE84apU=,NEON.PLA.D14.JORN.02693
1c2bcd7a-224d-42c0-b64f-f8cff3b602fb,2.4,-25.1,NrWJnEy30pYsOLt0P8zpUQFLD1rsG2GuICMSV89HMug=,NEON.PLA.D14.JORN.02600
0a114adc-2fdb-4f96-83cf-a20d1ffd2e53,0.8,-25.7,NrWJnEy30pYYaqb65P/txHFwP9Z0aO6ygWU5e8VKz3c=,NEON.PLA.D14.JORN.02691
3e907e25-f2ad-458f-bbd4-89a81fdd9623,1.1,-26.9,NrWJnEy30pYYaqb65P/txO5jwjDE4jV+zyxfJFzQ71k=,NEON.PLA.D14.JORN.02690
5b21711b-368a-4c14-8d43-72ab561c59be,2.8,-25.2,NrWJnEy30pYYaqb65P/txAQ6d6fMomPN9ZHLrVSVYc8=,NEON.PLA.D14.JORN.02689
e5f469f3-a3f0-4f8c-8af2-39220ebdf62e,0.7,-26.7,NrWJnEy30pawL8XCla3vZP1vxd27/TQfc8ZDCj6nzvA=,NEON.PLA.D14.JORN.02688
28a2cf41-1a92-4da0-873f-f52eb8615447,4.7,-15.6,NrWJnEy30pZHsQu/3QeAH0+gm9/8oaQNVL5O+Y0Q6+M=,NEON.PLA.D14.JORN.00038
313d8f87-10db-486e-9530-d98a00401b41,5.2,-16.1,NrWJnEy30pZHsQu/3QeAHxDYA7SRCH6Ln6MSWKjCFxw=,NEON.PLA.D14.JORN.02594
126554b4-70cf-4cdc-9f4f-de9357b5bb17,5,-15.3,NrWJnEy30palUinYjroI3zRhb1IGYlUS0nD+e5sRSWw=,NEON.PLA.D14.JORN.02682
b9e8dd65-768d-45f5-83b4-4e8cc0170b24,5,-15.3,NrWJnEy30palUinYjroI3zRhb1IGYlUS0nD+e5sRSWw=,NEON.PLA.D14.JORN.02682
19e16c56-30ce-48d5-bfbb-ef92a766f5d3,1.4,-26.5,NrWJnEy30pbt+dOpNyz1JdofK3GzcQ0vYd+AoK23POI=,NEON.PLA.D14.JORN.02681
01c64be9-8990-41d8-8ae9-3444313fc3b6,1.1,-23.6,NrWJnEy30pZbEqIOrdFqU6qtuZr16K9TZQTGgRAVXUc=,NEON.PLA.D14.JORN.02957
b0d4a8fd-bad2-4f8b-957f-b12a935ab6ad,6.8,-15.2,NrWJnEy30palUinYjroI36BhichcXPGokQZCBturk38=,NEON.PLA.D14.JORN.00027
7f289937-cf90-406d-947f-d8a8626e6005,-2.2,-26.7,2kN0Z0OxE8E+lZV9RHONKqDs6ZKapv+0u7oG7Emx5WE=,NEON.PLA.D17.SJER.00155
e46e45da-3de2-4623-9f8e-1298ea4d8fb5,-1.8,-25.7,2kN0Z0OxE8GnauhgI/8jSJpeoaSip4Y/FCxFs7NemNc=,NEON.PLA.D17.SJER.00291
3598ee0a-c431-409f-8af5-d02143af1574,-1.6,-29.9,2kN0Z0OxE8GoTaF3l2eqwKj52kbWxr61oywLpDSGm6Y=,NEON.PLA.D17.SJER.04422
418f2213-b02c-425c-9cc2-6f2025f67224,-1.7,-28.7,2kN0Z0OxE8FufroDTO/Jjpr0TrwPlb+xOHccQZBen58=,NEON.PLA.D17.SJER.04051
11440bb6-a9a1-439f-a93e-2d03f000394d,-0.6,-28.5,2kN0Z0OxE8EAWNsz9V0k7ht/rPnqpg87YBYVo0QVsXY=,NEON.PLA.D17.SJER.00241
13e5e47f-f04e-46d2-971f-d5bdd05fbfea,-0.8,-25.2,2kN0Z0OxE8HugOOS5aI78UJ06dBBkK4h1prhWWePPAk=,NEON.PLA.D17.SJER.04940
395fb661-746b-4882-9f02-aad22897dcdf,-2.2,-28.1,2kN0Z0OxE8GyduLCKugxGNFIU3+a/qPoMrhTZoS3228=,NEON.PLA.D17.SJER.04990
b0b5d4f1-b014-4f5a-ba5b-85f0ee5eac72,-3,-27,2kN0Z0OxE8GjYELjXDBJboeoXCj1L+HRzFVRlGfQB+Y=,NEON.PLA.D17.SJER.04192
2a50db13-3e5d-4263-8a3f-b23500e98ebf,-2.9,-27,2kN0Z0OxE8GjYELjXDBJboeoXCj1L+HRzFVRlGfQB+Y=,NEON.PLA.D17.SJER.04192
039e378c-53af-4774-849e-9037cc405b13,-3.4,-26.4,2kN0Z0OxE8F8MADKxc+rjmuSdY4D/cqSVLV20xmvIZE=,NEON.PLA.D17.SJER.04193
d934708f-9bbd-4acf-9cd2-f0366d6ac7a4,-5,-29.5,P3kunhL9imCL7IL5J5RpwgmZI8nm9yVd2cYIWO0NCWA=,NEON.PLA.D17.SOAP.02811
3cd0c31c-ba19-4623-a72b-761f74b30755,-5.1,-26,P3kunhL9imAfVlcYyDBLENnYurhA6sSyzQiyctCa6Fc=,NEON.PLA.D17.SOAP.00302
cfb6ee86-69c7-4973-96b5-5fe95666eeed,-3.9,-29.7,P3kunhL9imDuWescO8pkuXaAyVGREIwyp8voGRAb5N4=,NEON.PLA.D17.SOAP.03860
a81d76bb-56b9-40ba-bd35-9f27cd429a88,-4.5,-25.7,P3kunhL9imBoGOImDD3OMe8+Vq8OHhbGRXivA95BtUY=,NEON.PLA.D17.SOAP.03857
61b85baa-aee3-4dec-979a-150370d01239,-7,-28.6,P3kunhL9imA6EGMWPAbDtXxl9hQrnuRP7SgnPayoiRQ=,NEON.PLA.D17.SOAP.03494
184b0c43-58fc-4f7f-8aad-5f8fa0f700eb,-5.2,-29,P3kunhL9imCcaNqq5lNo5Xf42nSK+coV/dkqC8pfpnA=,NEON.PLA.D17.SOAP.03497
37f25fef-4a8f-46a2-a1a3-f904b4376aba,-5.3,-28.2,P3kunhL9imDJgYPbZUw0bVzgti8BJJchRt/ztvJS2NE=,NEON.PLA.D17.SOAP.03512
dc7bc7ad-26b6-4789-8bd0-cabb2e2eb1c4,-5,-29.1,gl9c5nxc3EPokhq2dcqGg5LeyZQm6CRsKhijUAzeXpM=,NEON.PLA.D19.DEJU.00413
22e5a114-4647-40af-9a6c-73f94ad112ad,-4.5,-27.4,gl9c5nxc3EPokhq2dcqGg5Z5UElL0WDo5c7prtv201I=,NEON.PLA.D19.DEJU.00301
ae3e3ca6-8b7f-470f-96d9-8a59358d33d4,-3.7,-27,gl9c5nxc3ENwIAmCZtgwheTTY5e2wuEwDorVoGTm5Sc=,NEON.PLA.D19.DEJU.03138
5cb37552-8dfd-4363-a775-29a0c70e0263,-1.3,-26.9,gl9c5nxc3EN+jeDkI8nFrhHMz5BcCPCU7LwEecCgETg=,NEON.PLA.D19.DEJU.01075
e92b3342-4269-4538-aab5-82f14f3775e2,-1.1,-27.6,gl9c5nxc3EN+jeDkI8nFrie1HjwcKUZE1OBrhifSxek=,NEON.PLA.D19.DEJU.01041
a818eef2-a66e-4eae-9280-2e4b98c93560,-1.3,-27.3,gl9c5nxc3EN+jeDkI8nFrho8UwEnNOT5ueDpQEtKRkQ=,NEON.PLA.D19.DEJU.01206
ec2bf7d1-e7f0-4a77-9dec-0c654635a8f2,-8.1,-28.7,gl9c5nxc3EPzK7MYfbW77i5iMl+ksl98Z2OeEtagf6c=,NEON.PLA.D19.DEJU.03952
84a9ad50-9330-4f04-acd0-7988aef022c7,-9.3,-29.3,gl9c5nxc3EPzK7MYfbW77g0fVS+34D7hB/lVy6IjMEY=,NEON.PLA.D19.DEJU.03403
ae46217c-aea9-4dd4-8c4e-ab6aa52fc6d4,-9.6,-28.1,gl9c5nxc3EPzK7MYfbW77urp9cyq++TsaYkeOmCKAzM=,NEON.PLA.D19.DEJU.03949
424e2a3b-a257-45a7-a78f-e939cd72d698,-3.7,-29,gl9c5nxc3EOtO7tZc424iL8rKeRL5AW6RgbqR6z87C8=,NEON.PLA.D19.DEJU.03231
a84628b8-8aba-4f9f-ad3a-d0c62b9236d5,-3.9,-29.8,gl9c5nxc3ENwIAmCZtgwhayMct6s0fKA5VlR5MYQSmE=,NEON.PLA.D19.DEJU.03236
4a7094de-4c5d-4c30-83a4-189f82ef2d4a,-3.6,-29.5,gl9c5nxc3ENwIAmCZtgwhayMct6s0fKA5VlR5MYQSmE=,NEON.PLA.D19.DEJU.03236
90aec9c2-4604-4177-a7c4-0a4c64267096,-2.2,-28,gl9c5nxc3EN7BaCT9QKJVlrnk4TUEuaNMbKffl6UdSc=,NEON.PLA.D19.DEJU.03620
9ada1313-d420-4e3c-ab1b-3c5b423bf4fd,-6.4,-29.1,gl9c5nxc3END9bGn2y0YOVQt7+dWIUlt8Bs23u0VK8A=,NEON.PLA.D19.DEJU.03563
166c7c08-f8a6-42fa-83a2-801c9e5861b9,-4.7,-28.2,gl9c5nxc3EN7BaCT9QKJVi6IXE27YUxGCNSWqpQw8JY=,NEON.PLA.D19.DEJU.03621
7f0718ec-9bb2-41b9-9f26-e002dfcf2374,-6.2,-29,gl9c5nxc3EOCwJwmyBLWt0fwl7F2cCfKTk4PlaSr110=,NEON.PLA.D19.DEJU.02925
6dd3ec32-f1cb-444a-a3bf-802e29b8768e,-5.7,-29.9,gl9c5nxc3EOCwJwmyBLWt4N5R2sJi+vzC65+7V5BR3o=,NEON.PLA.D19.DEJU.02928
dc20d485-2d55-4ae2-9d31-95f96c57e88d,-4.3,-28.9,gl9c5nxc3EOCwJwmyBLWty9U2YY5Xt6U8HxQqfHrFAM=,NEON.PLA.D19.DEJU.02952
eecde996-adc1-4fb9-b95c-a15558f612e2,-4.2,-30.8,gl9c5nxc3EPW69DPtMWceqxC/k1F6VdCBUIZSnhswro=,NEON.PLA.D19.DEJU.02404
d07c09a9-f4a7-4ab5-9202-6f9e263f0393,-4.7,-28,gl9c5nxc3EPJ9yLCrELBlB+zsL8sKDEMUyvK6hHcCG0=,NEON.PLA.D19.DEJU.02410
33a08178-35ad-4fe0-bbff-0bf7bc342611,-3.7,-29.8,gl9c5nxc3EPW69DPtMWcepm8JVOuDlm95h3uQTTZk78=,NEON.PLA.D19.DEJU.02409
5ba62479-177d-49ee-a81e-414e22df6472,-6.3,-28.9,gl9c5nxc3EOgNktBNQN7gySGAKcevMMDGKPRhXcqry0=,NEON.PLA.D19.DEJU.00855
29046e97-b4b4-4e0d-a869-a6161ec28a4c,-6.1,-28.9,gl9c5nxc3EOgNktBNQN7gySGAKcevMMDGKPRhXcqry0=,NEON.PLA.D19.DEJU.00855
9466f3e1-ad19-491f-84ab-72b7fbf28186,-3.3,-28.7,gl9c5nxc3EOgNktBNQN7g7Vid4UqLsx0gsRH+aW+WBM=,NEON.PLA.D19.DEJU.00775
